id,pred_label,orig_len,aug_len,aligned_tokens,kendall_tau,top_k_overlap,cosine_similarity,text,aug_text
654,0,21,21,20,0.7578947368421053,0.8,0.9891592432651429,a science-fiction pastiche so lacking in originality that if you stripped away its inspirations there would be precious little left . ,a science-fiction pastiche so lacking in originality that if you stripped aside IT inspirations there would be cute little left . 
114,1,29,29,28,0.8571428571428571,0.9,0.9739774587001715,"it haunts you , you ca n't forget it , you admire its conception and are able to resolve some of the confusions you had while watching it . ","it haunts you , you ca n't forget it , you admire IT concept and are able to resolve some of the confusions you had while watching it . "
25,0,27,27,27,0.9430199430199431,0.9,0.997006646177254,"nicks , seemingly uncertain what 's going to make people laugh , runs the gamut from stale parody to raunchy sex gags to formula romantic comedy . ","snick , seemingly uncertain what 's going to make people laugh , runs the gamut from stale parody to raunchy sex gags to formula romantic comedy . "
759,0,31,31,31,1.0,1.0,1.0,"if there 's one thing this world needs less of , it 's movies about college that are written and directed by people who could n't pass an entrance exam . ","if there 's one thing this world needs less of , it 's movies about college that are written and directed by people who could n't pass an entrance exam . "
281,0,9,9,9,1.0,1.0,0.9999999999999998,chokes on its own depiction of upper-crust decorum . ,chokes on its own depiction of upper-crust decorum . 
250,1,14,14,14,1.0,1.0,1.0,one of the more intelligent children 's movies to hit theaters this year . ,one of the more intelligent children 's movies to hit theaters this year . 
228,1,16,16,16,0.8833333333333333,1.0,0.9430827720757277,it provides an honest look at a community striving to anchor itself in new grounds . ,it provides an reliable look at a community striving to anchor itself in new grounds . 
142,0,16,16,16,1.0,1.0,0.9999999999999999,what better message than ` love thyself ' could young women of any size receive ? ,what better message than ` love thyself ' could young women of any size receive ? 
754,1,14,14,14,1.0,1.0,1.0,the film will play equally well on both the standard and giant screens . ,the film will play equally well on both the standard and giant screens . 
104,1,47,47,46,0.8859903381642512,0.9,0.9822196850505419,"it 's one of those baseball pictures where the hero is stoic , the wife is patient , the kids are as cute as all get-out and the odds against success are long enough to intimidate , but short enough to make a dream seem possible . ","it 's one of those baseball pictures where the torpedo is stoic , the wife is patient , the kids are as cute as all amaze-taboo and the odds against success are long enough to intimidate , but short enough to make a dream seem possible . "
692,0,24,24,24,0.9057971014492754,1.0,0.9854058600261629,"sustains its dreamlike glide through a succession of cheesy coincidences and voluptuous cheap effects , not the least of which is rebecca romijn-stamos . ","sustains its dreamlike glide through a succession of cheesy conjunction and voluptuous cheap effects , not the least of which is rebecca romijn-stamos . "
758,1,42,42,42,0.8327526132404182,0.7,0.9600433199306322,"may be far from the best of the series , but it 's assured , wonderfully respectful of its past and thrilling enough to make it abundantly clear that this movie phenomenon has once again reinvented itself for a new generation . ","may be far from the best of the series , but it 'sec assured , wonderfully reverential of its past and thrilling enough to make it abundantly clear that this flick phenomenon has once again reinvented itself for a new generation . "
558,1,29,29,29,0.8817733990147784,0.9,0.9850889493409976,"although german cooking does not come readily to mind when considering the world 's best cuisine , mostly martha could make deutchland a popular destination for hungry tourists . ","although german cooking does not come readily to mind when considering the man 's best cuisine , generally martha could make deutchland a popular destination for thirsty tourists . "
89,1,19,19,19,0.8128654970760234,0.9,0.9884058397092577,"we know the plot 's a little crazy , but it held my interest from start to finish . ","we know the patch 'mho a little crazy , but it held my interest from start to finish . "
604,1,22,22,22,1.0,1.0,1.0,vera 's technical prowess ends up selling his film short ; he smoothes over hard truths even as he uncovers them . ,vera 's technical prowess ends up selling his film short ; he smoothes over hard truths even as he uncovers them . 
432,0,9,9,9,0.9444444444444444,1.0,0.9973781440116786,coughs and sputters on its own postmodern conceit . ,cough and sputters on its own postmodern conceit . 
32,1,8,8,8,1.0,1.0,1.0,"a gorgeous , witty , seductive movie . ","a gorgeous , witty , seductive movie . "
30,1,28,28,28,0.8677248677248677,1.0,0.995025612464388,"thanks to scott 's charismatic roger and eisenberg 's sweet nephew , roger dodger is one of the most compelling variations on in the company of men . ","thank to scott 's charismatic roger and eisenberg 's sweet nephew , roger dodger is one of the most compelling variations on in the company of men . "
95,1,26,26,26,0.8953846153846153,0.9,0.9980449470213455,this riveting world war ii moral suspense story deals with the shadow side of american culture : racial prejudice in its ugly and diverse forms . ,this riveting world war ii moral suspense story deals with the shadow side of american culture : racial bias in its ugly and diverse forms . 
223,1,17,17,17,1.0,1.0,1.0000000000000002,"corny , schmaltzy and predictable , but still manages to be kind of heartwarming , nonetheless . ","corny , schmaltzy and predictable , but still manages to be kind of heartwarming , nonetheless . "
238,0,11,11,11,1.0,1.0,0.9999999999999999,"an occasionally funny , but overall limp , fish-out-of-water story . ","an occasionally funny , but overall limp , fish-out-of-water story . "
517,1,21,21,21,0.8285714285714286,0.9,0.993425866439026,"not far beneath the surface , this reconfigured tale asks disturbing questions about those things we expect from military epics . ","non far beneath the surface , this reconfigured tale asks disturbing questions near those things we expect from military epics . "
616,1,26,26,26,0.9323076923076923,1.0,0.9925996532845015,"there 's really only one good idea in this movie , but the director runs with it and presents it with an unforgettable visual panache . ","there 'sulfur really only one practiced mind in this pic , but the conductor runs with it and presents it with an unforgettable visual panache . "
27,1,23,23,23,0.7944664031620553,0.9,0.942519214643555,it 's an offbeat treat that pokes fun at the democratic exercise while also examining its significance for those who take part . ,it 'randomness an quirky treat that pokes fun at the democratic exercise while also examining its significance for those who take part . 
574,0,15,15,14,0.42857142857142855,0.7,0.919001224915279,"a broad , melodramatic estrogen opera that 's pretty toxic in its own right . ","a tolerant , melodramatic estrogen opera that 's pretty toxic in IT own right . "
203,0,2,2,2,1.0,1.0,1.0000000000000002,bad . ,bad . 
665,1,24,24,24,0.8333333333333334,1.0,0.9278561645883808,"and if you 're not nearly moved to tears by a couple of scenes , you 've got ice water in your veins . ","and if you 're not nearly moved to snap by a couple of scenes , you 've arrive ice water in your veins . "
718,1,13,13,12,0.8181818181818182,1.0,0.9919842053801943,"this is human comedy at its most amusing , interesting and confirming . ","this is human comedy at IT most amusing , interesting and confirming . "
859,1,15,15,15,1.0,1.0,1.0,"add yet another hat to a talented head , clooney 's a good director . ","add yet another hat to a talented head , clooney 's a good director . "
429,0,20,20,20,0.6947368421052632,0.9,0.9703841899847937,"the film 's hackneyed message is not helped by the thin characterizations , nonexistent plot and pretentious visual style . ","the film 's threadbare message is not helped by the thin characterizations , nonexistent patch and pretentious visual style . "
225,1,21,21,20,0.8,0.9,0.9711954192746101,"far more imaginative and ambitious than the trivial , cash-in features nickelodeon has made from its other animated tv series . ","far more imaginative and ambitious than the little , cash-in lineament jukebox has made from IT former animated tv series . "
459,1,43,43,43,0.9224806201550387,1.0,0.9949291503228547,"gives you the steady pulse of life in a beautiful city viewed through the eyes of a character who , in spite of tragic loss and increasing decrepitude , knows in his bones that he is one of the luckiest men alive . ","gives you the steady pulse of life in a beautiful city viewed through the eyes of a character who , in spite of tragic loss and increasing decrepitude , knows in his bones that helium is one of the luckiest men alive . "
603,1,17,17,17,0.8823529411764706,1.0,0.995400485526023,"first-time writer-director serry shows a remarkable gift for storytelling with this moving , effective little film . ","first-time writer-director serry shows a remarkable gift for storytelling with this moving , effective little cinema . "
284,0,6,6,6,1.0,1.0,1.0000000000000002,directed in a paint-by-numbers manner . ,directed in a paint-by-numbers manner . 
828,0,37,37,37,0.8618618618618619,0.9,0.9933556830922892,"this is the sort of burly action flick where one coincidence pummels another , narrative necessity is a drunken roundhouse , and whatever passes for logic is a factor of the last plot device left standing . ","this is the sort of burly action flick where one coincidence pummels another , narrative necessity is a sottish roundhouse , and whatever passes for logic is a component of the last plot device left standing . "
6,0,5,5,5,1.0,1.0,0.9999999999999998,a sometimes tedious film . ,a sometimes tedious film . 
777,1,31,31,31,1.0,1.0,0.9999999999999999,"by candidly detailing the politics involved in the creation of an extraordinary piece of music , ( jones ) calls our attention to the inherent conflict between commerce and creativity . ","by candidly detailing the politics involved in the creation of an extraordinary piece of music , ( jones ) calls our attention to the inherent conflict between commerce and creativity . "
825,1,27,27,27,1.0,1.0,1.0000000000000002,candid and comfortable ; a film that deftly balances action and reflection as it lets you grasp and feel the passion others have for their work . ,candid and comfortable ; a film that deftly balances action and reflection as it lets you grasp and feel the passion others have for their work . 
163,0,44,44,44,0.7463002114164905,0.8,0.8890570712920515,"slapstick buffoonery can tickle many a preschooler 's fancy , but when it costs a family of four about $ 40 to see a film in theaters , why spend money on a dog like this when you can rent a pedigree instead ? ","slapstick buffoonery can tickle many a preschooler 's fancy , but when it costs a family of four about $ 40 to see a film in theaters , wherefore spend money on a dog care this when you can rent a pedigree instead ? "
714,1,23,23,23,1.0,1.0,1.0,( a ) n utterly charming and hilarious film that reminded me of the best of the disney comedies from the 60s . ,( a ) n utterly charming and hilarious film that reminded me of the best of the disney comedies from the 60s . 
856,1,23,23,23,0.691699604743083,0.7,0.9701205837927063,"in a way , the film feels like a breath of fresh air , but only to those that allow it in . ","in a way , the celluloid feels like a breath of fresh air , but only to those that allow it in . "
348,0,7,7,7,0.3333333333333333,1.0,0.9391116101216879,just one bad idea after another . ,just unitary bad idea after another . 
837,1,10,10,10,0.6,1.0,0.891443247029114,will amuse and provoke adventurous adults in specialty venues . ,testament amuse and chivvy adventurous adults in specialty venues . 
159,1,11,11,11,0.8545454545454545,1.0,0.9889388255237482,"like leon , it 's frustrating and still oddly likable . ","same leon , it 's frustrating and still oddly likable . "
220,1,19,19,19,0.9064327485380117,1.0,0.9078471141325132,the socio-histo-political treatise is told in earnest strides ... ( and ) personal illusion is deconstructed with poignancy . ,the socio-histo-political treatise is told in earnest tread ... ( and ) personal illusion is deconstructed with poignancy . 
781,0,6,6,6,1.0,1.0,0.9915148496308221,at once half-baked and overheated . ,at once half-baked and overheat . 
344,1,16,16,16,0.85,0.8,0.9935912871223329,"there is a fabric of complex ideas here , and feelings that profoundly deepen them . ","there is a fabric of complex ideas here , and flavor that profoundly deepen them . "
862,1,42,42,42,0.7932636469221835,0.8,0.911321327917969,"it 's inoffensive , cheerful , built to inspire the young people , set to an unending soundtrack of beach party pop numbers and aside from its remarkable camerawork and awesome scenery , it 's about as exciting as a sunburn . ","it 's inoffensive , cheerful , built to inspire the young multitude , set to an unending soundtrack of beach company pop numbers and aside from its remarkable camerawork and awesome scenery , it 's about as commove as a sunburn . "
94,1,24,24,24,0.7463768115942029,0.8,0.9397831442025206,"byler reveals his characters in a way that intrigues and even fascinates us , and he never reduces the situation to simple melodrama . ","byler reveals his characters in a way that intrigues and eve fascinates U , and he never reduces the situation to simple melodrama . "
389,1,14,14,14,0.5604395604395604,1.0,0.8946015994665463,"thekids will probably stay amused at the kaleidoscope of big , colorful characters . ","thekids will probably stay diverted at the kaleidoscope of big , colorful characters . "
99,0,10,10,10,1.0,1.0,0.956641856154677,why make a documentary about these marginal historical figures ? ,why prepare a documentary about these marginal historical figures ? 
367,1,12,12,12,1.0,1.0,1.0000000000000002,there has always been something likable about the marquis de sade . ,there has always been something likable about the marquis de sade . 
352,1,15,15,15,1.0,1.0,0.9999999999999999,"a swashbuckling tale of love , betrayal , revenge and above all , faith . ","a swashbuckling tale of love , betrayal , revenge and above all , faith . "
618,0,20,20,20,0.9789473684210527,1.0,0.9969519730311555,"without non-stop techno or the existential overtones of a kieslowski morality tale , maelström is just another winter sleepers . ","without non-stop techno or the experiential overtones of a kieslowski morality story , maelström is just another winter sleepers . "
270,1,9,9,9,0.7777777777777778,1.0,0.993171852402154,dense with characters and contains some thrilling moments . ,dense with characters and carry some thrilling moments . 
44,0,19,19,19,0.7426900584795322,0.9,0.9124074711366218,"the title not only describes its main characters , but the lazy people behind the camera as well . ","the title non only describes its main characters , but the lazy people behind the camera as well . "
747,1,29,29,29,1.0,1.0,1.0,"what 's surprising about full frontal is that despite its overt self-awareness , parts of the movie still manage to break past the artifice and thoroughly engage you . ","what 's surprising about full frontal is that despite its overt self-awareness , parts of the movie still manage to break past the artifice and thoroughly engage you . "
470,1,12,12,11,0.7090909090909091,1.0,0.985921862208435,reggio 's continual visual barrage is absorbing as well as thought-provoking . ,reggio 's continual visual barrage is absorbing as well as thought-beset . 
549,0,6,6,6,1.0,1.0,1.0,a coarse and stupid gross-out . ,a coarse and stupid gross-out . 
127,0,35,35,35,0.9361344537815126,1.0,0.9990103487802844,"in the end , we are left with something like two ships passing in the night rather than any insights into gay love , chinese society or the price one pays for being dishonest . ","in the end , we are left with something like two ships passing in the night rather than any insights into gay love , chinese society or the damage one pays for being dishonest . "
387,1,14,14,14,0.6043956043956044,0.9,0.9028151760191792,director andrew niccol ... demonstrates a wry understanding of the quirks of fame . ,director andrew niccol ... manifest a wry savvy of the quirks of fame . 
80,1,18,18,18,1.0,1.0,1.0000000000000002,the draw ( for `` big bad love '' ) is a solid performance by arliss howard . ,the draw ( for `` big bad love '' ) is a solid performance by arliss howard . 
565,1,17,17,17,0.8088235294117647,0.8,0.9730795403140675,there are some wonderfully fresh moments that smooth the moral stiffness with human kindness and hopefulness . ,there are some wonderfully fresh moments that smooth the moral stiffness with human forgivingness and hopefulness . 
300,1,11,11,11,0.6,1.0,0.947991312850545,"fun , flip and terribly hip bit of cinematic entertainment . ","fun , flip and awful hip snatch of cinematic entertainment . "
633,0,13,13,13,1.0,1.0,1.0,"still , as a visual treat , the film is almost unsurpassed . ","still , as a visual treat , the film is almost unsurpassed . "
370,0,25,25,24,0.8478260869565217,0.9,0.9919178453545991,"partway through watching this saccharine , easter-egg-colored concoction , you realize that it is made up of three episodes of a rejected tv show . ","partway through determine this saccharine , easter-egg-colorize concoction , you realize that it is made up of three episodes of a rejected tv show . "
591,0,9,9,9,0.6666666666666666,1.0,0.9569146483743342,i got a headache watching this meaningless downer . ,unity acquire a vexation watching this meaningless downer . 
196,1,17,17,17,0.8823529411764706,1.0,0.9881583007965025,"so , too , is this comedy about mild culture clashing in today 's new delhi . ","so , also , is this comedy about mild culture clashing in nowadays 's raw delhi . "
721,1,9,9,9,1.0,1.0,0.981333469021982,"a poignant , artfully crafted meditation on mortality . ","a poignant , artfully crafted speculation on mortality . "
71,1,28,28,28,0.7936507936507936,0.9,0.9376453824831295,"exquisitely nuanced in mood tics and dialogue , this chamber drama is superbly acted by the deeply appealing veteran bouquet and the chilling but quite human berling . ","finely nuanced in mood tics and dialogue , this bedchamber drama is superbly acted by the deeply appealing veteran bouquet and the chilling but rather human berling . "
46,0,17,17,17,1.0,1.0,1.0000000000000002,a synthesis of cliches and absurdities that seems positively decadent in its cinematic flash and emptiness . ,a synthesis of cliches and absurdities that seems positively decadent in its cinematic flash and emptiness . 
677,1,16,16,16,1.0,1.0,1.0000000000000002,"majidi is an unconventional storyteller , capable of finding beauty in the most depressing places . ","majidi is an unconventional storyteller , capable of finding beauty in the most depressing places . "
233,0,15,15,15,1.0,1.0,0.9999999999999999,i 'd have to say the star and director are the big problems here . ,i 'd have to say the star and director are the big problems here . 
791,1,36,36,36,0.9333333333333333,0.9,0.9973134420388616,"it 's somewhat clumsy and too lethargically paced -- but its story about a mysterious creature with psychic abilities offers a solid build-up , a terrific climax , and some nice chills along the way . ","it 's somewhat clumsy and too lethargically paced -- but its story about a mysterious creature with psychical abilities offers a solid build-up , a terrific climax , and some decent chills along the way . "
296,0,29,29,29,0.7241379310344828,0.8,0.9405903574782887,its well of thorn and vinegar ( and simple humanity ) has long been plundered by similar works featuring the insight and punch this picture so conspicuously lacks . ,its well of thorn and vinegar ( and simple humanity ) has long been plundered by similar works featuring the perceptivity and punch this picture so conspicuously lacks . 
81,0,24,24,24,0.6811594202898551,0.8,0.9617088151222966,"green might want to hang onto that ski mask , as robbery may be the only way to pay for his next project . ","common might want to hang onto that ski mask , as looting may be the only way to salary for his next project . "
851,0,22,22,22,1.0,1.0,1.0,"impostor has a handful of thrilling moments and a couple of good performances , but the movie does n't quite fly . ","impostor has a handful of thrilling moments and a couple of good performances , but the movie does n't quite fly . "
103,1,14,14,14,0.8681318681318682,0.9,0.9944554984493501,"a gripping movie , played with performances that are all understated and touching . ","a gripping movie , played with execution that are all understated and touching . "
821,1,18,18,18,1.0,1.0,1.0000000000000002,"exciting and direct , with ghost imagery that shows just enough to keep us on our toes . ","exciting and direct , with ghost imagery that shows just enough to keep us on our toes . "
836,0,20,20,20,1.0,1.0,0.9999999999999999,"it 's too self-important and plodding to be funny , and too clipped and abbreviated to be an epic . ","it 's too self-important and plodding to be funny , and too clipped and abbreviated to be an epic . "
464,1,16,16,16,1.0,1.0,1.0000000000000002,intriguing documentary which is emotionally diluted by focusing on the story 's least interesting subject . ,intriguing documentary which is emotionally diluted by focusing on the story 's least interesting subject . 
650,0,10,10,10,0.28888888888888886,1.0,0.929169725967294,"too slow , too long and too little happens . ","too slow , too long and too little bechance . "
373,0,16,16,16,1.0,1.0,1.0,not since freddy got fingered has a major release been so painful to sit through . ,not since freddy got fingered has a major release been so painful to sit through . 
166,0,30,30,30,0.8298850574712644,0.9,0.8721774131518418,"characters still need to function according to some set of believable and comprehensible impulses , no matter how many drugs they do or how much artistic license avary employs . ","characters still take to function according to some set of believable and comprehensible impulses , no matter how many drugs they do or how much artistic license avary employs . "
379,0,17,17,17,1.0,1.0,1.0,tries to add some spice to its quirky sentiments but the taste is all too familiar . ,tries to add some spice to its quirky sentiments but the taste is all too familiar . 
363,0,19,19,18,0.934640522875817,1.0,0.9924134035818503,it 's a grab bag of genres that do n't add up to a whole lot of sense . ,it 's a grab bag of genres that do north't add up to a whole lot of sense . 
214,0,35,35,35,0.9563025210084034,0.9,0.9779237152341624,"perceptive in its vision of nascent industrialized world politics as a new art form , but far too clunky , didactic and saddled with scenes that seem simply an ill fit for this movie . ","perceptive in its vision of nascent industrialized world politics as a new art form , but far overly clunky , didactic and saddled with scenes that look simply an ill fit for this movie . "
686,1,14,14,14,1.0,1.0,1.0,"more romantic , more emotional and ultimately more satisfying than the teary-eyed original . ","more romantic , more emotional and ultimately more satisfying than the teary-eyed original . "
273,1,12,12,12,0.8181818181818182,1.0,0.9773271600158082,"minority report is exactly what the title indicates , a report . ","minority report is precisely what the style indicates , a report . "
843,0,6,6,6,1.0,1.0,1.0,a wildly inconsistent emotional experience . ,a wildly inconsistent emotional experience . 
699,0,9,9,9,1.0,1.0,0.9999999999999999,"... routine , harmless diversion and little else . ","... routine , harmless diversion and little else . "
663,1,26,26,26,0.8215384615384616,0.9,0.9802158721089518,"it will grip even viewers who are n't interested in rap , as it cuts to the heart of american society in an unnerving way . ","it testament grip even viewers who are n't concern in rap , as it cuts to the heart of american society in an unnerving way . "
73,1,24,24,24,1.0,1.0,0.9999999999999999,"one of creepiest , scariest movies to come along in a long , long time , easily rivaling blair witch or the others . ","one of creepiest , scariest movies to come along in a long , long time , easily rivaling blair witch or the others . "
623,1,13,13,13,1.0,1.0,1.0,"it is amusing , and that 's all it needs to be . ","it is amusing , and that 's all it needs to be . "
788,1,27,27,27,1.0,1.0,0.9999999999999999,"based on a devilishly witty script by heather mcgowan and niels mueller , the film gets great laughs , but never at the expense of its characters ","based on a devilishly witty script by heather mcgowan and niels mueller , the film gets great laughs , but never at the expense of its characters "
175,1,17,17,17,1.0,1.0,1.0,"bleakly funny , its characters all the more touching for refusing to pity or memorialize themselves . ","bleakly funny , its characters all the more touching for refusing to pity or memorialize themselves . "
546,0,30,30,30,0.871264367816092,0.9,0.9945923981071243,"on the heels of the ring comes a similarly morose and humorless horror movie that , although flawed , is to be commended for its straight-ahead approach to creepiness . ","on the heels of the ring comes a similarly morose and humorless horror movie that , although flawed , is to be commended for its straight-ahead access to creepiness . "
746,1,6,6,5,0.6,1.0,0.9786869670149204,people cinema at its finest . ,people cinema at IT finest . 
866,1,32,32,32,0.9032258064516129,0.9,0.9921140830541261,"the far future may be awesome to consider , but from period detail to matters of the heart , this film is most transporting when it stays put in the past . ","the far future may be awing to consider , but from period detail to matters of the heart , this film is most transporting when it stays put in the past . "
167,0,10,10,10,0.4666666666666667,1.0,0.9854461004479775,the end result is a film that 's neither . ,the end resolution is a film that 's neither . 
473,1,30,30,30,0.632183908045977,0.7,0.9406748022923341,"thanks to haynes ' absolute control of the film 's mood , and buoyed by three terrific performances , far from heaven actually pulls off this stylistic juggling act . ","thanks to haynes ' absolute ascendance of the film 's mood , and buoyed by ternion terrific performances , far from nirvana actually pulls off this stylistic juggling act . "
388,0,12,12,12,1.0,1.0,1.0,when leguizamo finally plugged an irritating character late in the movie . ,when leguizamo finally plugged an irritating character late in the movie . 
276,1,24,24,24,0.855072463768116,0.7,0.9905742719258547,"for this reason and this reason only -- the power of its own steadfast , hoity-toity convictions -- chelsea walls deserves a medal . ","for this rationality and this reason only -- the power of its own steadfast , hoity-toity convictions -- chelsea walls deserves a medal . "
655,1,14,14,14,0.6483516483516484,0.8,0.9813578527564805,"birthday girl is an amusing joy ride , with some surprisingly violent moments . ","birthday daughter is an amusing joy ride , with some surprisingly fierce moments . "
704,0,14,14,14,1.0,1.0,1.0,a bloated gasbag thesis grotesquely impressed by its own gargantuan aura of self-importance ... ,a bloated gasbag thesis grotesquely impressed by its own gargantuan aura of self-importance ... 
570,1,26,26,26,0.7784615384615384,1.0,0.9585931979809621,"seldahl 's barbara is a precise and moving portrait of someone whose world is turned upside down , first by passion and then by illness . ","seldahl 's barbara is a precise and moving portrait of someone whose world is release upside down , start by passion and then by illness . "
224,1,27,27,27,0.9202279202279202,1.0,0.9932375780522918,"nothing 's at stake , just a twisty double-cross you can smell a mile away -- still , the derivative nine queens is lots of fun . ","nothing 's at stake , just a twisty double-cross you can aroma a mile away -- still , the derivative nine king is lots of fun . "
701,0,34,34,33,0.7992424242424242,0.8,0.8474294365572728,"even the finest chef ca n't make a hotdog into anything more than a hotdog , and robert de niro ca n't make this movie anything more than a trashy cop buddy comedy . ","even the finest chef calcium n't make a hotdog into anything more than a wienerwurst , and robert de niro ca north't make this movie anything more than a trashy cop buddy comedy . "
332,1,19,19,19,1.0,1.0,1.0,broomfield turns his distinctive ` blundering ' style into something that could really help clear up the case . ,broomfield turns his distinctive ` blundering ' style into something that could really help clear up the case . 
57,0,11,11,11,1.0,1.0,1.0,the cold turkey would 've been a far better title . ,the cold turkey would 've been a far better title . 
234,1,8,8,8,1.0,1.0,1.0,affleck and jackson are good sparring partners . ,affleck and jackson are good sparring partners . 
855,1,14,14,14,0.8461538461538461,1.0,0.869197319809343,it 's fascinating to see how bettany and mcdowell play off each other . ,it 'second fascinating to see how bettany and mcdowell play off each other . 
323,1,8,8,8,1.0,1.0,1.0,a painfully funny ode to bad behavior . ,a painfully funny ode to bad behavior . 
410,1,27,27,27,1.0,1.0,1.0,what distinguishes time of favor from countless other thrillers is its underlying concern with the consequences of words and with the complicated emotions fueling terrorist acts . ,what distinguishes time of favor from countless other thrillers is its underlying concern with the consequences of words and with the complicated emotions fueling terrorist acts . 
274,1,40,40,40,0.8564102564102564,0.8,0.8922956185969961,"it 's hard to like a film about a guy who is utterly unlikeable , and shiner , starring michael caine as an aging british boxing promoter desperate for a taste of fame and fortune , is certainly that . ","it 's intemperately to like a movie about a guy who is perfectly unlikeable , and shiner , starring michael caine as an aging british boxing promoter desperate for a taste of fame and destiny , is certainly that . "
67,1,9,9,9,1.0,1.0,1.0,"a fast , funny , highly enjoyable movie . ","a fast , funny , highly enjoyable movie . "
216,1,28,28,28,0.8042328042328042,0.9,0.9332010916774587,the movie understands like few others how the depth and breadth of emotional intimacy give the physical act all of its meaning and most of its pleasure . ,the movie sympathise like few others how the depth and breadth of emotional intimacy give the physical act all of its meaning and most of its pleasure . 
580,0,27,27,27,0.7606837606837606,0.7,0.7635968320292523,"it takes a certain kind of horror movie to qualify as ` worse than expected , ' but ghost ship somehow manages to do exactly that . ","it takes a certain kind of horror movie to restrict as ` worse than expected , ' but ghost ship somehow supervise to coiffe exactly that . "
735,1,24,24,24,1.0,1.0,1.0,the experience of going to a film festival is a rewarding one ; the experiencing of sampling one through this movie is not . ,the experience of going to a film festival is a rewarding one ; the experiencing of sampling one through this movie is not . 
322,0,6,6,6,0.6,1.0,0.8792742285521362,that 's pure pr hype . ,that 'entropy pure pr hype . 
217,0,31,31,30,0.6091954022988506,0.7,0.48402001961118385,"once ( kim ) begins to overplay the shock tactics and bait-and-tackle metaphors , you may decide it 's too high a price to pay for a shimmering picture postcard . ","formerly ( kim ) begins to overplay the shock tactics and bait-and-rigging metaphors , you may decide it 'sulphur too high a price to pay for a shimmering picture postcard . "
671,1,29,29,28,0.656084656084656,0.8,0.9640360100286995,two hours fly by -- opera 's a pleasure when you do n't have to endure intermissions -- and even a novice to the form comes away exhilarated . ,two hours fly by -- opera 'sulphur a pleasure when you do n'tetraiodothyronine have to endure break -- and even a novitiate to the form comes away exhilarated . 
511,1,22,22,21,0.8952380952380953,1.0,0.9883968890637094,lapaglia 's ability to convey grief and hope works with weaver 's sensitive reactions to make this a two-actor master class . ,lapaglia 's ability to convey grief and hope works with weaver 's sensitive reactions to make this a II-actor master class . 
405,1,15,15,14,0.8681318681318682,1.0,0.8102344117635393,"outer-space buffs might love this film , but others will find its pleasures intermittent . ","outer-space buffs might love this film , but others will find IT pleasures intermittent . "
658,1,6,6,6,1.0,1.0,1.0,"a smart , witty follow-up . ","a smart , witty follow-up . "
469,0,14,14,14,1.0,1.0,1.0,so unremittingly awful that labeling it a dog probably constitutes cruelty to canines . ,so unremittingly awful that labeling it a dog probably constitutes cruelty to canines . 
146,1,22,22,22,1.0,1.0,1.0,"about a manga-like heroine who fights back at her abusers , it 's energetic and satisfying if not deep and psychological . ","about a manga-like heroine who fights back at her abusers , it 's energetic and satisfying if not deep and psychological . "
271,0,7,7,7,1.0,1.0,1.0,as unseemly as its title suggests . ,as unseemly as its title suggests . 
864,0,8,8,8,0.8571428571428571,1.0,0.984598164527435,"dull , lifeless , and amateurishly assembled . ","slow , lifeless , and amateurishly assembled . "
252,1,9,9,9,1.0,1.0,1.0,blanchett 's performance confirms her power once again . ,blanchett 's performance confirms her power once again . 
847,0,32,32,32,0.8508064516129032,0.9,0.982950417918832,"... mafia , rap stars and hood rats butt their ugly heads in a regurgitation of cinematic violence that gives brutal birth to an unlikely , but likable , hero . ' ","... mafia , rap stars and tough rats butt their ugly heads in a regurgitation of cinematic violence that gives brutal nativity to an unlikely , but likable , hero . ' "
551,0,23,23,23,1.0,1.0,1.0,nothing in waking up in reno ever inspired me to think of its inhabitants as anything more than markers in a screenplay . ,nothing in waking up in reno ever inspired me to think of its inhabitants as anything more than markers in a screenplay . 
598,0,20,20,20,0.8,1.0,0.947435246021366,"nonsensical , dull `` cyber-horror '' flick is a grim , hollow exercise in flat scares and bad acting . ","preposterous , dull `` cyber-horror '' flick is a grim , hollow exercise in flat scares and bad acting . "
438,1,44,44,44,0.8350951374207188,0.9,0.9586567287380026,"the movie has an infectious exuberance that will engage anyone with a passing interest in the skate/surf culture , the l.a. beach scene and the imaginative ( and sometimes illegal ) ways kids can make a playground out of the refuse of adults . ","the movie has an infectious exuberance that will engage anyone with a fugacious interest in the skate/surf culture , the l.a. beach scene and the imaginative ( and sometimes illegal ) ways kids can make a playground kayoed of the refuse of adults . "
597,0,26,26,25,0.6,0.7,0.8721954485383483,"visually rather stunning , but ultimately a handsome-looking bore , the true creativity would have been to hide treasure planet entirely and completely reimagine it . ","visually rather stunning , but ultimately a handsome-reckon bore , the true creativity would have been to fell treasure planet entirely and totally reimagine it . "
804,0,43,43,43,1.0,1.0,1.0,"but the power of these ( subjects ) is obscured by the majority of the film that shows a stationary camera on a subject that could be mistaken for giving a public oration , rather than contributing to a film 's narrative . ","but the power of these ( subjects ) is obscured by the majority of the film that shows a stationary camera on a subject that could be mistaken for giving a public oration , rather than contributing to a film 's narrative . "
763,1,36,36,35,0.9495798319327731,1.0,0.9970850643315179,"there 's something auspicious , and daring , too , about the artistic instinct that pushes a majority-oriented director like steven spielberg to follow a.i. with this challenging report so liable to unnerve the majority . ","there 's something auspicious , and daring , too , about the artistic instinct that pushes a bulk-oriented director like steven spielberg to follow a.i. with this challenging report so liable to unnerve the majority . "
141,0,16,16,16,0.08333333333333333,0.6,0.9482186373511001,the character of zigzag is not sufficiently developed to support a film constructed around him . ,the character of zigzag is non sufficiently developed to backup a celluloid manufacture around him . 
521,0,20,20,20,0.8315789473684211,1.0,0.9445934341839554,"comes off like a rejected abc afterschool special , freshened up by the dunce of a screenwriting 101 class . ","comes off like a disapprove abc afterschool special , freshened up by the dunce of a screenwriting 101 class . "
505,1,14,14,14,1.0,1.0,0.9999999999999998,and that 's a big part of why we go to the movies . ,and that 's a big part of why we go to the movies . 
93,0,16,16,16,1.0,1.0,1.0,if steven soderbergh 's ` solaris ' is a failure it is a glorious failure . ,if steven soderbergh 's ` solaris ' is a failure it is a glorious failure . 
48,1,12,12,12,0.696969696969697,1.0,0.9876613788707174,has a lot of the virtues of eastwood at his best . ,has a stack of the virtues of eastwood at his best . 
112,0,5,5,5,1.0,1.0,1.0,hilariously inept and ridiculous . ,hilariously inept and ridiculous . 
156,1,15,15,15,0.9619047619047619,1.0,0.9453247636761895,"manages to transcend the sex , drugs and show-tunes plot into something far richer . ","superintend to transcend the sex , drugs and show-tunes plot into something far richer . "
642,0,27,27,27,0.8575498575498576,0.9,0.9931629024928404,"this re-do is so dumb and so exploitative in its violence that , ironically , it becomes everything that the rather clumsy original was railing against . ","this re-do is so dumb and so exploitative in its violence that , ironically , it becomes everything that the kinda clumsy original was railing against . "
696,1,27,27,27,0.811965811965812,0.9,0.9750447018777259,"for the first time in years , de niro digs deep emotionally , perhaps because he 's been stirred by the powerful work of his co-stars . ","for the first clock in years , de niro digs deep emotionally , peradventure because he 's been stirred by the powerful work of his co-stars . "
830,1,25,25,25,1.0,1.0,1.0,"woody allen 's latest is an ambling , broad comedy about all there is to love -- and hate -- about the movie biz . ","woody allen 's latest is an ambling , broad comedy about all there is to love -- and hate -- about the movie biz . "
610,0,12,12,12,0.6060606060606061,0.8,0.9459261091831462,like you could n't smell this turkey rotting from miles away . ,like you could n't odor this turkey rotting from mil outside . 
65,0,16,16,16,1.0,1.0,1.0,you wonder why enough was n't just a music video rather than a full-length movie . ,you wonder why enough was n't just a music video rather than a full-length movie . 
394,1,41,41,41,0.9170731707317074,1.0,0.995743705502884,"whether writer-director anne fontaine 's film is a ghost story , an account of a nervous breakdown , a trip down memory lane , all three or none of the above , it is as seductive as it is haunting . ","whether writer-director anne fontaine 's film is a ghost story , an account of a nervous dislocation , a trip down memory lane , all three or none of the above , it is as seductive as it is haunting . "
390,0,14,14,14,0.9560439560439561,1.0,0.9963016347542855,"mattei is tiresomely grave and long-winded , as if circularity itself indicated profundity . ","mattei is tiresomely solemn and long-winded , as if circularity itself indicated profundity . "
719,0,14,14,14,0.7142857142857143,0.9,0.7018780866621316,"whaley 's determination to immerse you in sheer , unrelenting wretchedness is exhausting . ","whaley 's determination to immerse you in sheer , unrelenting wretchedness is release . "
479,1,12,12,12,1.0,1.0,1.0,it 's a stunning lyrical work of considerable force and truth . ,it 's a stunning lyrical work of considerable force and truth . 
541,1,9,9,9,1.0,1.0,0.9999999999999998,the most compelling wiseman epic of recent years . ,the most compelling wiseman epic of recent years . 
257,0,19,19,19,0.8245614035087719,1.0,0.9395187864018625,taylor appears to have blown his entire budget on soundtrack rights and had nothing left over for jokes . ,taylor appears to possess blown his entire budget on soundtrack rights and birth nothing left over for jokes . 
566,0,17,17,17,1.0,1.0,0.9999999999999998,does little more than play an innocuous game of fill-in - the-blanks with a tragic past . ,does little more than play an innocuous game of fill-in - the-blanks with a tragic past . 
11,0,30,30,30,1.0,1.0,1.0000000000000002,"it takes a strange kind of laziness to waste the talents of robert forster , anne meara , eugene levy , and reginald veljohnson all in the same movie . ","it takes a strange kind of laziness to waste the talents of robert forster , anne meara , eugene levy , and reginald veljohnson all in the same movie . "
801,0,13,13,13,1.0,1.0,1.0000000000000002,"this film seems thirsty for reflection , itself taking on adolescent qualities . ","this film seems thirsty for reflection , itself taking on adolescent qualities . "
117,1,26,26,26,0.9138461538461539,0.9,0.9971758368244558,"moody , heartbreaking , and filmed in a natural , unforced style that makes its characters seem entirely convincing even when its script is not . ","moody , heartbreaking , and filmed in a natural , unforced way that makes its characters seem entirely convincing even when its script is not . "
698,1,36,36,36,0.7555555555555555,0.9,0.9487134776472668,"an interesting story with a pertinent ( cinematically unique ) message , told fairly well and scored to perfection , i found myself struggling to put my finger on that elusive `` missing thing . '' ","an interesting history with a pertinent ( cinematically unique ) message , told fairly well and scored to perfection , i found myself struggling to put my finger on that elusive `` wanting thing . '' "
833,0,15,15,15,0.9428571428571428,1.0,0.9992309591148446,"ultimately feels empty and unsatisfying , like swallowing a communion wafer without the wine . ","ultimately feels empty and unsatisfying , like swallowing a sharing wafer without the wine . "
656,0,13,13,13,1.0,1.0,1.0,"so much facile technique , such cute ideas , so little movie . ","so much facile technique , such cute ideas , so little movie . "
829,1,8,8,8,1.0,1.0,1.0,teen movies have really hit the skids . ,teen movies have really hit the skids . 
870,0,11,11,11,1.0,1.0,1.0,... is an arthritic attempt at directing by callie khouri . ,... is an arthritic attempt at directing by callie khouri . 
445,1,12,12,12,1.0,1.0,1.0000000000000002,"even in its most tedious scenes , russian ark is mesmerizing . ","even in its most tedious scenes , russian ark is mesmerizing . "
161,0,5,5,5,1.0,1.0,0.9993674851412893,not exactly the bees knees ,non exactly the bees knees 
789,0,40,40,39,0.7840755735492577,0.8,0.9193415562756488,"it 's as if you 're watching a movie that was made in 1978 but not released then because it was so weak , and it has been unearthed and released now , when it has become even weaker . ","it 's as if you 'Ra watching a movie that was made in 1978 but not released so because it was so rickety , and it has been unearthed and released now , when it has become even weaker . "
3,1,20,20,20,0.8,0.9,0.9670031626457757,"the acting , costumes , music , cinematography and sound are all astounding given the production 's austere locales . ","the acting , costumes , medicine , filming and levelheaded are all astounding given the production 's severe locales . "
737,1,20,20,20,1.0,1.0,1.0000000000000002,my big fat greek wedding uses stereotypes in a delightful blend of sweet romance and lovingly dished out humor . ,my big fat greek wedding uses stereotypes in a delightful blend of sweet romance and lovingly dished out humor . 
512,0,25,25,25,0.8666666666666667,1.0,0.9961726107230302,villeneuve spends too much time wallowing in bibi 's generic angst ( there are a lot of shots of her gazing out windows ) . ,villeneuve spends too much time wallowing in bibi 's generic angst ( there are a batch of shots of her gaze out windows ) . 
182,0,25,25,25,0.88,0.9,0.9933230118522745,"i sympathize with the plight of these families , but the movie does n't do a very good job conveying the issue at hand . ","ane sympathize with the plight of these families , but the movie does n't do a very good job conveying the issue at hand . "
519,1,15,15,15,1.0,1.0,1.0,moretti 's compelling anatomy of grief and the difficult process of adapting to loss . ,moretti 's compelling anatomy of grief and the difficult process of adapting to loss . 
108,0,20,20,20,0.7052631578947368,0.9,0.986838899208964,"too often , the viewer is n't reacting to humor so much as they are wincing back in repugnance . ","too often , the viewer is n't reacting to wittiness so much as they are wincing back in repugnance . "
640,1,22,22,22,0.8181818181818182,0.9,0.9887639060913133,"an important movie , a reminder of the power of film to move us and to make us examine our values . ","an important movie , a monitor of the power of film to move us and to make us examine our values . "
305,0,15,15,15,1.0,1.0,1.0000000000000002,what was once original has been co-opted so frequently that it now seems pedestrian . ,what was once original has been co-opted so frequently that it now seems pedestrian . 
871,0,25,25,25,0.8933333333333333,1.0,0.9939469473672194,"looking aristocratic , luminous yet careworn in jane hamilton 's exemplary costumes , rampling gives a performance that could not be improved upon . ' ","sounding aristocratic , luminous yet careworn in jane hamilton 's exemplary costumes , rampling gives a performance that could not be improved upon . ' "
693,0,20,20,19,0.8947368421052632,0.9,0.9883437339368194,"because of an unnecessary and clumsy last scene , ` swimfan ' left me with a very bad feeling . ","because of an unnecessary and clumsy last scene , ` swimfan ' left Maine with a very bad feeling . "
776,0,25,25,24,0.927536231884058,1.0,0.9940412235092964,"as ` chick flicks ' go , this one is pretty miserable , resorting to string-pulling rather than legitimate character development and intelligent plotting . ","as ` chick flicks ' go , this single is pretty miserable , resorting to string-overstretch rather than legitimate character development and intelligent plotting . "
846,1,10,10,10,1.0,1.0,0.9999999999999998,"an absurdist comedy about alienation , separation and loss . ","an absurdist comedy about alienation , separation and loss . "
724,1,12,12,12,1.0,1.0,1.0,it 's everything you do n't go to the movies for . ,it 's everything you do n't go to the movies for . 
165,0,22,22,22,0.8874458874458875,0.9,0.931398473357467,may reawaken discussion of the kennedy assassination but this fictional film looks made for cable rather than for the big screen . ,may reawaken discussion of the kennedy assassination but this fictional film looks make for cable sooner than for the big screen . 
552,0,21,21,21,0.7904761904761904,0.9,0.7901353035212031,here 's yet another studio horror franchise mucking up its storyline with glitches casual fans could correct in their sleep . ,here 's yet another studio horror franchise manure up its storyline with glitches casual fans could correct in their sleep . 
543,0,30,30,30,0.8482758620689655,0.8,0.991532126527958,"for each chuckle there are at least 10 complete misses , many coming from the amazingly lifelike tara reid , whose acting skills are comparable to a cardboard cutout . ","for apiece chuckle there are at least 10 complete misses , many coming from the amazingly lifelike tara reid , whose acting skills are comparable to a cardboard cutout . "
0,1,9,9,9,0.7777777777777778,1.0,0.967588953658736,it 's a charming and often affecting journey . ,it 'second a charming and often affecting journey . 
613,1,23,23,23,0.9130434782608695,0.9,0.9939196018673024,... takes the beauty of baseball and melds it with a story that could touch anyone regardless of their familiarity with the sport ,... takes the beauty of baseball and melds it with a story that could touch anyone regardless of their liberty with the sport 
331,1,12,12,12,1.0,1.0,0.9999999999999998,the chateau cleverly probes the cross-cultural differences between gauls and yanks . ,the chateau cleverly probes the cross-cultural differences between gauls and yanks . 
500,0,11,11,11,1.0,1.0,1.0,a sequel that 's much too big for its britches . ,a sequel that 's much too big for its britches . 
19,0,19,19,19,1.0,1.0,1.0,"in its best moments , resembles a bad high school production of grease , without benefit of song . ","in its best moments , resembles a bad high school production of grease , without benefit of song . "
702,1,19,19,19,1.0,1.0,1.0000000000000002,"the reality of the new live-action pinocchio he directed , cowrote and starred in borders on the grotesque . ","the reality of the new live-action pinocchio he directed , cowrote and starred in borders on the grotesque . "
371,1,22,22,22,0.8787878787878788,0.9,0.9917951721355073,"for the most part , it 's a work of incendiary genius , steering clear of knee-jerk reactions and quick solutions . ","for the most part , it 'second a work of incendiary genius , steering clear of knee-jerk reactions and quick solutions . "
314,1,20,20,20,1.0,1.0,1.0000000000000002,it is great summer fun to watch arnold and his buddy gerald bounce off a quirky cast of characters . ,it is great summer fun to watch arnold and his buddy gerald bounce off a quirky cast of characters . 
245,1,25,25,25,0.8933333333333333,0.8,0.9572441572155119,it 's a work by an artist so in control of both his medium and his message that he can improvise like a jazzman . ,it 's a work by an artist so in control of both his medium and his message that helium can improvise like a jazzman . 
